model,accuracy,best_model,f1_score,confusion_matrix
LDA,0.6269430051813472 +- 0.05546381046135517,"{'shrinkage': 0.5, 'solver': 'lsqr'}","0.5714285714285714,0.6697247706422018","[[48 47]
 [25 73]]"
SVM,0.616580310880829 +- 0.04504923468824493,"{'C': 1, 'degree': 2, 'gamma': 0.1, 'kernel': 'rbf'}","0.6185567010309277,0.6145833333333334","[[60 35]
 [39 59]]"
XGB,0.6113989637305699 +- 0.031057755961442474,"{'colsample_bytree': 1.0, 'gamma': 0, 'learning_rate': 0.01, 'max_depth': 3, 'min_child_weight': 2, 'n_estimators': 100, 'subsample': 1.0}","0.6031746031746033,0.6192893401015229","[[57 38]
 [37 61]]"
LR,0.6476683937823834 +- 0.058824453111729735,"{'C': 0.1, 'penalty': 'l2', 'solver': 'liblinear'}","0.6699029126213593,0.6222222222222223","[[69 26]
 [42 56]]"
RF,0.6217616580310881 +- 0.04082436390279042,"{'max_depth': 20, 'min_samples_leaf': 2, 'min_samples_split': 10, 'n_estimators': 300}","0.663594470046083,0.5680473372781065","[[72 23]
 [50 48]]"
